Team,Conference,plays,drives,ppa,totalPPA,successRate,explosiveness,powerSuccess,stuffRate,lineYards,lineYardsTotal,secondLevelYards,secondLevelYardsTotal,openFieldYards,openFieldYardsTotal,standardDowns_ppa,standardDowns_successRate,standardDowns_explosiveness,passingDowns_ppa,passingDowns_successRate,passingDowns_explosiveness,rushingPlays_ppa,rushingPlays_totalPPA,rushingPlays_successRate,rushingPlays_explosiveness,passingPlays_ppa,passingPlays_totalPPA,passingPlays_successRate,passingPlays_explosiveness
Air Force,Mountain West,55.69230769,10.53846154,0.121978694,6.942164492,0.400843349,1.167870055,0.746153846,0.189780798,2.712064921,73.53846154,0.839673411,21.46153846,0.950113709,26.09090909,0.021347277,0.457567466,0.913024444,0.310359177,0.284632451,1.980717726,0.058117127,1.648550961,0.383993161,0.900224416,0.187294914,5.929085597,0.396836315,1.515669885
Akron,MAC,62.66666667,11.58333333,0.15960858,8.780372707,0.397032207,1.383689256,0.723148148,0.164377604,2.924346379,101.3333333,1.025835028,34.75,1.56711161,50,0.02964605,0.439341754,1.073348302,0.444993677,0.319450869,2.329718716,0.133428023,4.942315906,0.412204379,1.091505497,0.192851082,4.914389305,0.37164315,1.719070914
Alabama,SEC,62.5,12,0.119915225,7.34217309,0.353168324,1.347248475,0.691666667,0.149201436,2.982962908,91.71428571,0.907133428,27.92857143,1.280778146,37.76923077,0.045584387,0.401353272,1.076321534,0.18284376,0.248890267,1.954330044,0.131801275,3.355990277,0.371283102,1.117656375,0.146375665,4.691761059,0.344341259,1.588045521
Appalachian State,Sun Belt,64.42857143,12,0.18006109,12.47061881,0.4201266,1.299909397,0.736904762,0.13827555,3.418013836,108.3571429,1.280838708,41.21428571,1.740502649,54.64285714,0.053677288,0.452168754,1.022169453,0.429460093,0.338624801,2.09319117,0.236424296,7.204829569,0.445949989,1.100898701,0.15686347,6.431181176,0.391616497,1.626891934
Arizona,Big 12,64.15384615,11.38461538,0.149261224,9.411688585,0.410962223,1.274823111,0.746153846,0.196572439,2.964998962,88.23076923,1.014796505,30.76923077,1.159350226,34.76923077,0.087309432,0.456657586,1.038993021,0.256048421,0.319780532,1.946297052,0.1061807,3.013788601,0.42891686,0.964946739,0.239816711,8.135978469,0.398270448,1.573578318
Arizona State,Big 12,64.66666667,11.58333333,0.247705912,16.56023163,0.453871174,1.242634807,0.765873016,0.138180603,3.334491128,96.91666667,1.179734862,34.5,1.230105051,38.66666667,0.160271189,0.506738651,1.051083713,0.478010072,0.327934767,2.073459955,0.16429988,4.858595584,0.449753122,0.994027252,0.339404811,12.09699843,0.464722467,1.466230104
Arkansas,SEC,62.41666667,12.08333333,0.122796973,8.312966039,0.397048142,1.322680135,0.778935185,0.171944063,2.968593331,102.75,1.049360735,37.41666667,1.5227907,50.83333333,0.053149104,0.449786527,1.034241736,0.262802814,0.282908831,2.28959717,0.061548157,3.028543209,0.401044712,0.931575952,0.246026431,6.525204454,0.395081521,1.813260889
Arkansas State,Sun Belt,70.76923077,12.15384615,0.23208857,16.62186255,0.424686057,1.309275953,0.847252747,0.162828979,3.145253827,114.0769231,1.15971548,42.07692308,1.787002039,63.84615385,0.182389465,0.492396017,1.102294662,0.341336892,0.271590939,2.185758824,0.155508062,6.36710984,0.43947883,1.045276969,0.333400185,10.50952389,0.417055174,1.6470218
Army,AAC,61.16666667,10.41666667,0.246746075,14.44566165,0.458657052,1.227932064,0.523148148,0.136734358,3.401200859,116.8333333,1.143639912,39.75,1.608350093,52.16666667,0.205886747,0.512000792,0.999504394,0.322785361,0.302779022,2.337692227,0.257577947,9.180217049,0.461958922,1.081044009,0.249688264,7.138140497,0.436826431,1.465029892
Auburn,SEC,62.38461538,11.76923077,0.150701912,9.471031759,0.39759067,1.339705901,0.837179487,0.185626495,2.915515675,96.53846154,1.142521927,37.61538462,1.447745144,45.53846154,0.063746165,0.443572641,1.032851334,0.32379076,0.317596521,2.198455318,0.127720692,4.308488574,0.423588483,1.008042079,0.209671189,5.689543522,0.376408373,1.806622153
BYU,Independent,69.25,12.16666667,0.199356934,13.97139806,0.428797975,1.28242043,0.666203704,0.162757513,3.216148941,114.5833333,1.152185166,42,1.3172494,47.45454545,0.041632586,0.461330769,0.991902014,0.531946327,0.370709643,2.018693842,0.136340232,5.390534711,0.406522642,0.974658459,0.298606583,9.966345146,0.449243567,1.584385185
Ball State,MAC,60.08333333,11,0.148345749,10.06159916,0.399277976,1.278312403,0.752777778,0.160781327,2.98970617,86.5,1.00768097,29.08333333,1.317842052,36,0.100152345,0.457062255,1.019718911,0.228871724,0.279217261,2.016291945,0.077166782,2.248098265,0.389560014,1.003415851,0.251176565,8.27693312,0.409999048,1.561592376
Baylor,Big 12,62.41666667,11.25,0.292837627,18.74140086,0.452714249,1.386779478,0.688888889,0.187158234,3.293474295,111.75,1.201143207,40.58333333,1.959231456,66.41666667,0.222496593,0.487565175,1.156652786,0.454643625,0.358302889,2.21096823,0.235314532,7.911674362,0.460711272,1.150462623,0.397906583,12.20498457,0.439254705,1.653502943
Boise State,Mountain West,62,11.78571429,0.195635531,12.38981916,0.403961235,1.375309974,0.751190476,0.181146964,2.994666954,87.21428571,1.044315062,31.28571429,1.358560937,42.30769231,0.125684852,0.450225914,1.155484822,0.349952594,0.309787677,2.064897317,0.144905618,4.654877938,0.416405399,1.076800811,0.28671409,8.684606753,0.386747651,1.727891164
Boston College,ACC,61.15384615,11.15384615,0.241296239,15.08344985,0.425544756,1.340464408,0.809432234,0.164065274,3.006021351,106.7692308,1.091869122,38.38461538,1.559474342,55,0.186275015,0.475040314,1.121834718,0.354709608,0.308928693,2.053439991,0.131836197,5.304178839,0.416948668,1.077861146,0.449082594,10.85371847,0.455557722,1.669487404
Bowling Green,MAC,61.84615385,11.38461538,0.143587634,8.410113208,0.423471536,1.214764623,0.708241758,0.108073029,3.241898041,110.7692308,1.14952959,38.38461538,1.034713932,32.61538462,0.057944607,0.484475307,0.977322737,0.303579684,0.29032097,1.880669153,0.19433966,6.898934382,0.46795932,0.964811956,0.239229185,5.171359602,0.369838027,1.779276598
Buffalo,MAC,61.63636364,12.18181818,0.13742111,8.280064955,0.385061518,1.322736342,0.690909091,0.196345714,2.783033816,94.45454545,1.211887276,41.72727273,2.207497107,74.81818182,0.080217737,0.438724082,1.099727133,0.250226663,0.284971763,1.980150599,0.134773976,5.042693553,0.365489865,1.249914386,0.216157559,4.731145884,0.412781401,1.429868044
California,ACC,71.84615385,13.23076923,0.208408739,14.9747117,0.441175086,1.271847521,0.738178488,0.167855096,2.909905272,98.61538462,1.073745268,36.38461538,0.930531135,33.75,0.148882439,0.478632089,1.135832244,0.377242077,0.347507654,1.836352512,0.08108549,3.6367566,0.43356719,0.970280024,0.343871841,12.09511535,0.452937933,1.548735363
Central Michigan,MAC,63.5,11.83333333,0.299333077,19.34690669,0.446371411,1.327271973,0.790972222,0.13588896,3.310115477,107.9166667,1.254984472,40.5,1.564426249,51,0.276602628,0.515235527,1.160697434,0.349052798,0.296485773,1.997057128,0.220184936,7.553554664,0.4604656,1.048876364,0.363724184,12.11546682,0.424986445,1.612524414
Charlotte,American,62.5,12.41666667,0.147122637,10.22284768,0.400422865,1.302309111,0.661111111,0.203143678,2.950650364,101.25,0.999556965,33.75,1.333223672,47.25,0.083496818,0.434781382,1.090522747,0.235214422,0.302248879,1.958411086,0.109546938,4.0845455,0.410274448,0.977478527,0.255341105,8.025227212,0.393924034,2.08337773
Cincinnati,Big 12,59.16666667,11.25,0.314848614,18.50196234,0.418736351,1.55637637,0.740277778,0.230260474,3.023361066,95.5,1.384336705,43.75,1.951860667,65.08333333,0.233966358,0.441894913,1.373579327,0.421202869,0.362600249,1.909842185,0.239452364,8.448374446,0.421436611,1.301486243,0.438571978,10.66272915,0.426862831,1.803481155
Clemson,ACC,60.07692308,13.07692308,0.064395065,4.146702817,0.324421123,1.420852125,0.766666667,0.153379606,2.819410229,79,0.855601699,23.46153846,1.492080112,38.83333333,-0.002462486,0.380592685,1.272930524,0.14387973,0.234607114,1.819136111,0.105331511,3.243209643,0.338313719,1.214516065,0.033489639,1.576265856,0.319415863,1.593094091
Coastal Carolina,Sun Belt,65.07692308,11.46153846,0.164608283,10.73987692,0.437723704,1.251722969,0.790842491,0.147490979,3.348279534,113.9230769,1.278339164,43.15384615,1.091359039,36.23076923,0.098367848,0.477874845,1.029952785,0.295814469,0.34221104,1.914483879,0.194583169,6.735701373,0.459937403,0.98554419,-0.008060643,4.976448293,0.377129406,1.566282352
Colorado,Big 12,70.41666667,12.33333333,0.287226655,20.01732283,0.468240946,1.296407674,0.853703704,0.186079658,3.082935335,107.5833333,1.187120828,40.75,1.384752606,46.58333333,0.203671251,0.504832589,1.060172885,0.466226147,0.375660889,2.008800776,0.226564549,7.835936137,0.463946034,1.07368936,0.363179872,12.95808408,0.463181074,1.588763503
Colorado State,Mountain West,71.66666667,12.25,0.182241765,13.19416171,0.426748141,1.227097112,0.765542328,0.188843132,3.04017761,112.8333333,1.211422622,42.83333333,1.259223913,42.58333333,0.128166739,0.486342777,0.981515374,0.302718352,0.298179907,2.134462234,0.111047091,4.078938799,0.426517926,1.054217318,0.290802363,10.49629265,0.423992822,1.458100878
Connecticut,Independent,65.25,11.75,0.233467179,15.10532476,0.460793395,1.258573913,0.770833333,0.208162868,2.759200965,96.41666667,1.014204733,35.16666667,1.249146767,42.83333333,0.168659236,0.510791587,1.082115,0.380073303,0.347359061,1.821732914,0.056903265,3.364657692,0.414123889,0.998591822,0.411925994,12.99374443,0.499437835,1.462045725
Duke,ACC,66.84615385,11.15384615,0.132705248,9.296633229,0.419215709,1.206578634,0.689438339,0.173246422,3.097609457,103.2307692,1.057693806,35.38461538,0.836588778,27.92307692,0.062377063,0.46933632,0.951663188,0.321093014,0.315957073,2.0067163,0.089891994,3.077453267,0.414611835,0.994211906,0.232442611,6.767702527,0.44683999,1.396136238
East Carolina,American,63,13,0.132816338,8.587717419,0.340278926,1.539488177,0.561111111,0.228044053,2.494190276,82.58333333,0.869291173,29.5,1.221425565,41.75,-0.037532238,0.352051902,1.216514476,0.416619222,0.321267855,2.156133311,-0.004745154,-0.132269279,0.296143948,1.227209653,0.30394605,9.272521277,0.392817924,1.804333072
Eastern Michigan,MAC,66.76923077,11.46153846,0.197773822,12.61314493,0.431387844,1.261029346,0.722344322,0.131290044,3.485894046,126.4615385,1.319827036,47.38461538,1.37152577,47.15384615,0.056643922,0.471645053,0.920746266,0.538447518,0.342745697,2.371481984,0.216972841,6.984992237,0.470012469,0.9969366,0.266650093,7.106122075,0.394606244,1.660528421
Florida,SEC,58.5,11.58333333,0.21551386,13.8091797,0.370516654,1.594351905,0.470833333,0.187465628,2.873268925,87.5,1.142304801,35.16666667,1.842310818,58.91666667,0.154586863,0.412830926,1.369018937,0.32528819,0.284356948,2.201682807,0.131306643,4.500950853,0.342879748,1.410758235,0.334572511,9.903705016,0.404688363,1.771869575
Florida Atlantic,American,73.16666667,12.58333333,0.178881605,13.09476198,0.424532246,1.23440199,0.728769841,0.123825398,3.22700507,120.6666667,1.004159904,37.41666667,0.824147107,30.16666667,0.101826918,0.476137428,0.962880151,0.33299204,0.327748496,2.046849912,0.07294259,2.929473465,0.406086932,0.836759917,0.332349367,11.7339028,0.452098667,1.58896111
Florida International,C-USA,69.83333333,13,0.19157943,12.87780403,0.411146816,1.355413663,0.892361111,0.178601111,3.082591404,115.5833333,1.125906721,42.25,1.396193521,52.16666667,0.14296499,0.473224105,1.085830009,0.307121453,0.287405387,2.271046911,0.06662775,3.087097383,0.402732358,0.978161908,0.364833246,11.09284057,0.413741526,1.801420247
Florida State,ACC,65.64285714,12.5,0.070910962,5.140666149,0.359713845,1.280680179,0.71037415,0.204629576,2.76915142,92.85714286,1.085187682,36.42857143,1.829808071,61.85714286,0.007984559,0.398021606,1.051230796,0.243030651,0.296873244,1.887532507,0.116942792,4.123941571,0.400742299,1.074218496,0.055454949,1.764308533,0.320934739,1.560950747
Fresno State,Mountain West,68.30769231,11.69230769,0.150524392,10.80947802,0.403899628,1.257802476,0.725457875,0.190124409,3.014870477,110.9230769,1.13360833,41.53846154,0.931889536,37.07692308,0.073375147,0.443251897,1.022843794,0.279776276,0.310977342,1.947615487,0.10126155,4.245889998,0.414829482,0.915340153,0.289411782,8.792725508,0.41045535,1.645553509
Georgia,SEC,60.28571429,11.21428571,0.074103827,4.386753737,0.373886147,1.238228561,0.72202381,0.212516352,2.851801744,82.21428571,1.087317198,30.78571429,0.93020876,27.23076923,0.0205079,0.436352305,1.032973458,0.119527926,0.238018804,2.05645412,0.088003842,3.356985859,0.400285647,1.023643425,0.039449799,1.340537063,0.349289408,1.430984837
Georgia Southern,Sun Belt,64.38461538,12.76923077,0.238462086,15.68249648,0.433149963,1.347351526,0.682478632,0.188092199,3.038260839,100.2307692,1.222742337,40.76923077,1.541603205,51.15384615,0.139141194,0.474892262,1.098324184,0.460030192,0.33454079,2.19162171,0.212685622,7.421249055,0.425415636,1.192696613,0.242094129,9.12138492,0.426047718,1.541485794
Georgia State,Sun Belt,66.84615385,11.92307692,0.227292736,14.59403268,0.429489976,1.402776578,0.6,0.199057036,3.037090417,96.15384615,1.110423605,34.69230769,1.471696164,45.23076923,0.117628344,0.474221142,1.134551045,0.41522205,0.324325499,2.203237515,0.124366272,3.996478648,0.402941291,1.155378799,0.410287839,12.81818323,0.464211897,1.618992464
Georgia Tech,ACC,69.36363636,11.54545455,0.217776341,15.14003184,0.455926802,1.189704051,0.882251082,0.13654066,3.529999106,137.8181818,1.247737817,48.90909091,1.28324368,51.54545455,0.184512781,0.516311627,0.973453112,0.274993223,0.302197799,2.055756223,0.251343165,9.850820828,0.47795129,0.996313453,0.253163327,7.718223867,0.434789726,1.448884321
Hawai'i,Mountain West,61,11.53846154,0.235911428,14.22746941,0.427610032,1.365450006,0.712606838,0.199096038,3.05366926,107.7692308,1.214981156,41.92307692,1.34451352,48.30769231,0.123866232,0.473012643,1.101270871,0.437605492,0.314010949,2.092127589,0.139675184,5.056644725,0.427650184,1.05759443,0.471152886,10.07990206,0.432687274,1.884950926
Houston,Big 12,70.66666667,11.25,0.240071187,17.5595226,0.447912678,1.283457553,0.728670635,0.165593743,3.152885291,115.8333333,1.088603435,41.25,1.127027563,40.72727273,0.145473112,0.482295365,1.015652709,0.437291861,0.359709585,2.061119609,0.206084526,7.591303054,0.442800033,1.086198722,0.331270636,11.70047972,0.458035305,1.53034967
Illinois,Big Ten,70.25,12.41666667,0.191789266,13.56041586,0.439176416,1.171312685,0.724206349,0.152240844,3.276531555,118,1.083014925,39.41666667,0.901828818,32.58333333,0.138627477,0.482401202,0.980183123,0.314221892,0.337058797,1.89937668,0.142135286,5.193697678,0.433655615,0.906247435,0.302418821,9.50171202,0.450716611,1.480585912
Indiana,Big Ten,66.16666667,12.16666667,0.234130288,16.06370589,0.457393627,1.18126035,0.778499278,0.15783353,3.262644821,112.9166667,1.201909903,40.58333333,1.119209818,37.41666667,0.159258977,0.5079659,0.933210226,0.402172137,0.323569835,2.152657687,0.145076196,4.90749122,0.463830757,0.90513915,0.362239504,12.081061,0.440061863,1.684584692
Iowa,Big Ten,68.71428571,12.92857143,0.003023464,0.576219456,0.345036928,1.125685383,0.697132035,0.145390833,2.866832247,95.57142857,0.705277805,23.5,0.381205148,13.5,-0.086220992,0.393656733,0.841220839,0.147188359,0.252184901,1.737772624,-0.02942178,-0.326337981,0.358698424,0.757852755,0.090169216,2.845818623,0.336677146,1.565006046
Iowa State,Big 12,69.07692308,11.53846154,0.124838101,8.661582808,0.390933036,1.289112282,0.695238095,0.192669953,2.846470209,94.76923077,1.006916346,33.30769231,0.888980692,26.76923077,0.086998419,0.444016037,1.103190757,0.205564831,0.286342183,1.858155216,0.077882039,2.42157978,0.40975834,0.949412937,0.242961841,8.125805289,0.38537862,1.654410331
Kansas,Big 12,65.53846154,11.38461538,0.194399766,13.09311104,0.443429476,1.240553744,0.806471306,0.111936663,3.226358572,111.9230769,1.097782332,38.23076923,1.295081221,43.84615385,0.14878483,0.503896805,1.05565654,0.282375206,0.298850897,1.888363697,0.182586321,7.1152855,0.444810906,1.085093441,0.213301788,6.846432823,0.439177957,1.433585863
Kansas State,Big 12,64.07692308,12.38461538,0.16087861,8.18843165,0.37299446,1.551827956,0.622710623,0.243577695,2.763333836,81.30769231,1.016626748,30.07692308,2.288048262,62.83333333,0.10527237,0.430005322,1.344750255,0.261018725,0.266653595,2.099004463,0.114814688,3.573762501,0.366185051,1.29137129,0.287990975,6.420455177,0.393452883,1.767015037
Kent State,MAC,64.25,11.75,0.284349813,18.86168022,0.437841037,1.353787328,0.765533309,0.157778446,3.101210025,118.0833333,1.046583613,40.66666667,1.460062059,57.16666667,0.255819044,0.489089012,1.162386421,0.342451062,0.327213968,1.956619319,0.187071834,8.142592124,0.440659371,1.073075316,0.404568346,11.77493918,0.428003144,1.731272461
Kentucky,SEC,66.76923077,11.84615385,0.152912599,10.33728514,0.431173493,1.165605956,0.746153846,0.194373856,2.908419646,91.23076923,0.933145587,29.84615385,0.679713465,22.91666667,0.030309057,0.484664316,0.905098071,0.437688579,0.317557224,2.038822403,0.091706012,2.747148719,0.423931458,0.866723737,0.300440494,8.066257684,0.465463808,1.445888826
LSU,SEC,67.46153846,11.30769231,0.25975189,18.73668796,0.429281844,1.386743442,0.847252747,0.140672263,3.21955865,107.3076923,1.241338431,40.38461538,1.396763451,40.69230769,0.159634067,0.479247831,1.061170591,0.46805415,0.319594231,2.392490529,0.239108603,7.481417688,0.439597735,1.129359136,0.312652524,12.13939573,0.428046264,1.64511923
Liberty,Independent,64.21428571,11.5,0.165661497,10.66039832,0.418959559,1.334861787,0.799829932,0.187362116,3.063806314,81.5,1.18445544,31.42857143,1.095946742,29,0.146514977,0.477253036,1.087714053,0.194411374,0.286315533,2.246607243,0.161978032,4.250912157,0.448809952,0.977930263,0.222290599,8.590697844,0.400506705,1.653014585
Louisiana,Sun Belt,72.61538462,12.30769231,0.178637511,12.73649341,0.448963076,1.150873195,0.876373626,0.108038324,3.336455856,136.9230769,0.998644104,40.92307692,0.740657509,26.23076923,0.145666093,0.490137005,0.979669575,0.271193007,0.321505357,1.975109818,0.164709308,7.232500908,0.46757839,0.915055311,0.266383008,7.118999233,0.433417904,1.619035135
Louisiana Monroe,Sun Belt,72.91666667,12.25,0.260348216,18.9783686,0.4645589,1.268965555,0.709722222,0.189082217,3.102572993,121.0833333,1.133758806,44.16666667,0.971749532,37,0.136042077,0.494453967,1.01814117,0.565527966,0.408606016,2.04768904,0.11496648,4.718040062,0.451970133,0.874265656,0.531217571,16.45485176,0.495314831,1.748761712
Louisiana Tech,C-USA,68.08333333,12.33333333,0.225052519,15.51628958,0.416499317,1.409308977,0.798412698,0.166601093,3.163969438,129.75,1.175520845,49.25,1.969755633,82.16666667,0.174799025,0.472091922,1.164605533,0.347109007,0.299064486,2.197134355,0.242455809,10.65870236,0.458516774,1.14511255,0.16215157,5.680147364,0.337571154,1.902265507
Louisville,ACC,58.53846154,12.30769231,0.070529788,4.376071302,0.349775365,1.383095246,0.656410256,0.250846116,2.382252964,63.76923077,0.983763054,26.07692308,1.044339905,28.61538462,-0.039631361,0.417490131,1.08980852,0.267519597,0.241050021,2.360959841,-0.02710666,-0.448148622,0.343594602,0.985449624,0.149697251,5.652558146,0.344209331,1.72311352
Marshall,Sun Belt,67.76923077,13.53846154,0.129046354,8.71278726,0.373602853,1.484945236,0.596153846,0.19591095,2.77434166,92.15384615,0.99310969,32.53846154,1.943038795,60.38461538,0.060579373,0.413006907,1.224816417,0.282101219,0.297168767,2.187982814,0.094200448,3.123497214,0.363387063,1.248392341,0.21623544,6.847598946,0.396573773,1.67804208
Maryland,Big Ten,67.84615385,11.46153846,0.110176035,7.316686929,0.408046623,1.160103948,0.748504274,0.135497138,3.181518054,107.3846154,0.913024295,30.53846154,0.486942464,16.46153846,0.050692777,0.456274534,0.987692945,0.233700389,0.284860432,1.857270929,0.129052743,4.450459382,0.438380584,0.867434772,0.181892566,5.608607526,0.389835805,1.496880497
Memphis,American,65.53846154,12.53846154,0.143979186,10.44916174,0.412651765,1.354252765,0.522069597,0.212831948,2.913337993,94.30769231,1.12321542,36.07692308,1.526467596,48.53846154,0.117420643,0.462692271,1.171581096,0.182305653,0.286736127,2.205790666,0.13554091,5.188994367,0.429202269,1.028892293,0.190491288,6.935775033,0.406259382,1.633197131
Miami,ACC,60.46153846,11.76923077,0.125155195,8.206062013,0.374496395,1.355082286,0.715501166,0.249139011,2.553532681,74.38461538,0.936409398,28.61538462,0.961507161,29.66666667,0.030266789,0.4184792,1.064373348,0.307338752,0.284378561,2.12300314,0.021825935,1.580006017,0.352368732,0.965144557,0.203115023,6.993900787,0.382673036,1.630885866
Miami (OH),MAC,65.42857143,11.64285714,0.094239084,6.516540282,0.398737897,1.122224943,0.775,0.133511703,3.197729376,105.2857143,1.004135925,32.64285714,0.685135451,25.71428571,0.079413499,0.467088667,0.965638316,0.134461929,0.250079381,1.796619824,0.052600092,1.931534112,0.397112316,0.884699094,0.194467713,5.999817241,0.407956222,1.367208322
Michigan,Big Ten,56.8,11.33333333,0.000346911,0.043619356,0.341035381,1.214714101,0.675925926,0.192171612,2.640101212,72.53333333,0.830870896,23.73333333,0.867179559,22.25,-0.048019629,0.385006554,1.097752869,0.070319765,0.253295969,1.588361777,-0.051218537,-0.963090558,0.345972422,0.861649643,0.03154186,1.599252209,0.329513474,1.566402282
Michigan State,Big Ten,65.83333333,12,0.176284639,12.43894771,0.430096803,1.168014021,0.810416667,0.158166637,3.135546419,107.0833333,1.017541899,34.58333333,1.131391537,38.33333333,0.101501172,0.481746425,0.95497694,0.360222206,0.313513598,1.93715423,0.116556638,4.712218835,0.430814766,0.873332595,0.286995944,9.829726742,0.431559518,1.470420602
Middle Tennessee,C-USA,70.91666667,12.66666667,0.174568942,12.07906425,0.430029482,1.217543905,0.717261905,0.196194966,2.854059018,100.75,0.948727322,35.41666667,1.093962683,41.18181818,0.083159893,0.472044781,0.938832319,0.356244467,0.322031885,2.122926025,0.024517908,2.228018934,0.421632386,0.793042049,0.330179014,11.4255363,0.431053575,1.572853691
Minnesota,Big Ten,62,11.53846154,0.203461581,13.82305173,0.4237301,1.255462339,0.808058608,0.16056878,3.04908697,93,1.023462452,31.15384615,1.475685956,46.33333333,0.111960559,0.467865316,1.023823004,0.392455995,0.316141636,1.960248375,0.166350029,5.688928413,0.430253331,0.981325178,0.292778357,9.443290969,0.433490895,1.51897543
Mississippi State,SEC,65.25,11.58333333,0.154674667,10.69426744,0.415496637,1.222259638,0.741269841,0.190834239,2.947078288,104.3333333,1.077873143,37.75,0.908732935,33.91666667,0.049054049,0.467290392,0.973178893,0.394732974,0.297809611,2.16473855,0.075190224,3.329069473,0.411450764,0.90695708,0.279318788,8.482022957,0.421049649,1.612929081
Missouri,SEC,62.76923077,11.38461538,0.130947186,8.418748078,0.369254643,1.338832437,0.708974359,0.224931464,2.713295086,80.76923077,1.161342577,34.53846154,1.227100232,38.91666667,0.097986097,0.426782685,1.174290903,0.178161005,0.26031776,1.73856546,0.046700622,1.681967704,0.350474201,1.078343584,0.230049694,7.388968039,0.386701163,1.561979958
Navy,American,62.5,11.91666667,0.124624913,7.893163908,0.396415687,1.242714721,0.634424603,0.213901545,2.74555965,88.41666667,0.959230888,29.83333333,0.918045438,26.18181818,0.027927644,0.444151541,0.985847887,0.367653498,0.291795779,2.531458909,-0.005511942,0.002263769,0.358566152,0.831581995,0.421928582,9.032973657,0.453389603,1.770021891
Nebraska,Big Ten,63.66666667,11.91666667,0.085161848,5.820410908,0.375023219,1.159939544,0.756944444,0.120596457,3.091715982,88.33333333,0.772573946,22.75,0.670578082,20.8,-0.004783838,0.435306722,0.883491124,0.277753942,0.269560802,2.103257595,-0.00952577,0.863411465,0.352297659,0.747192478,0.190613257,6.578091319,0.3940509,1.450261173
Nevada,Mountain West,64.45454545,12.36363636,0.25617647,16.21774925,0.471809003,1.31660394,0.738095238,0.152757662,3.295186605,109.6363636,1.293107913,41.72727273,2.060565469,58.54545455,0.218516685,0.543762513,1.137764119,0.349010686,0.305451244,2.024784525,0.223303878,6.70877,0.477850042,1.112849004,0.329091052,10.41784102,0.46658954,1.686047076
New Mexico,Mountain West,57.90909091,10.90909091,0.312637491,16.83486269,0.475268075,1.290897297,0.657359307,0.16402664,3.38858408,103.6363636,1.223876445,37.54545455,1.43673508,46.1,0.269251749,0.505141955,1.139575969,0.414256833,0.3735869,1.762023447,0.190415774,6.152239059,0.476234796,0.883025654,0.503483025,11.33025376,0.466907695,1.877088389
North Carolina,ACC,69.38461538,12.15384615,0.185530388,13.48149341,0.411647725,1.305595596,0.797680098,0.141655076,3.215745205,114.7692308,1.133266175,39.30769231,1.193086272,41.69230769,0.0844949,0.44544727,1.076573122,0.350468994,0.335584431,1.892705429,0.162047124,6.325489379,0.415856408,1.022881431,0.276165788,9.251885908,0.413283244,1.567144886
North Texas,American,69.91666667,12.66666667,0.334622594,22.82938448,0.483614987,1.303876924,0.780112943,0.14460969,3.479538662,147,1.241774469,51.16666667,1.934682869,78.5,0.310869616,0.533229914,1.154759481,0.394842711,0.327590093,1.998067015,0.354685446,14.50733826,0.509305661,1.164398721,0.37331504,9.886522659,0.451140344,1.59015098
Northern Illinois,MAC,61.92307692,11.53846154,0.12678831,7.918804684,0.399158137,1.146753442,0.726923077,0.128934711,3.246026324,110.8461538,0.987489462,34.38461538,0.934877578,36,0.056660632,0.465822574,0.913748974,0.284528793,0.251308811,2.101867143,0.122994725,4.659644911,0.43021254,0.918351905,0.192015653,4.230897075,0.375270193,1.428898581
Northwestern,Big Ten,65.69230769,11.53846154,0.132504974,8.70014307,0.428734519,1.127042178,0.746125669,0.154337598,3.133370309,112.1538462,0.997680738,35.38461538,1.137948543,41.30769231,0.073298126,0.473716451,0.952124991,0.283687012,0.318910171,1.819371298,0.092056021,3.302606941,0.435481322,0.893295202,0.20698117,6.306634284,0.428381996,1.407844949
Notre Dame,Independent,61.46153846,11.92307692,-0.00423858,0.237212745,0.33975947,1.274150392,0.603663004,0.223959172,2.654100068,83.92307692,0.884436318,27.46153846,1.050290009,33.75,-0.094024357,0.389425826,1.070918198,0.127669319,0.231782035,1.879129097,-0.011823499,0.932436748,0.336567262,1.028479072,-0.014739167,0.88360286,0.317159145,1.551863814
Ohio,MAC,56.23076923,10.92307692,0.031518838,1.939948119,0.351265542,1.31321125,0.701709402,0.209073926,2.610365602,65.84615385,0.908834086,22.61538462,1.411889051,35.76923077,-0.067050597,0.414936197,1.091114598,0.239109763,0.251523202,1.945825114,-0.05023728,-0.903708722,0.359480075,1.055066192,0.162288173,4.196378341,0.362374001,1.551689584
Ohio State,Big Ten,63.15384615,11.53846154,0.010303724,0.522925468,0.35570128,1.121918496,0.56031746,0.15611003,2.956495297,97.15384615,0.829497069,28.07692308,0.719637419,24,-0.029441371,0.404818217,0.920319831,0.083500304,0.249968758,1.904977806,0.027001495,1.26425368,0.35182984,0.951113204,0.02118145,-0.259753391,0.371845599,1.326759752
Oklahoma,Big 12,69.92307692,12.38461538,0.079916778,6.107842943,0.373440558,1.43277832,0.528846154,0.266675774,2.574307542,85.23076923,1.065522608,35.46153846,1.18062916,39.30769231,-0.029205236,0.41667554,1.102033807,0.278325417,0.293171316,2.196173706,0.017080612,1.059040098,0.369813742,1.052373811,0.162221208,6.248354533,0.376947592,1.805127094
Oklahoma State,SEC,66.92857143,12.92857143,0.25427227,17.24977178,0.399534758,1.526603169,0.695238095,0.196324168,2.988477939,102.6428571,1.190020214,40.57142857,1.496695039,52.78571429,0.223125693,0.462437675,1.252144351,0.297549416,0.286840061,2.194570502,0.133609204,5.040801132,0.3942333,1.140053289,0.398101353,12.75217895,0.405489839,1.923999984
Old Dominion,Sun Belt,73.84615385,12.69230769,0.118533119,8.691559092,0.436407341,1.117878459,0.746520147,0.184715278,2.830388375,109.4615385,0.865513121,33.84615385,0.721281152,28.69230769,0.060929165,0.48509197,0.885970634,0.269914837,0.301547055,2.093133271,-0.014655283,-0.588407989,0.417574642,0.712771139,0.304157384,10.35679488,0.460318733,1.521304311
Ole Miss,SEC,67.58333333,12,0.144757926,9.896147722,0.413054201,1.2516255,0.858498677,0.151877498,3.151860379,111,1.156667929,40.08333333,1.253880427,42.58333333,0.127291823,0.475870973,1.067861235,0.210326934,0.282635451,1.924966638,0.138724345,4.836500655,0.438530489,0.975501025,0.156573517,6.595940221,0.384691362,1.538788302
Oregon,Big Ten,63.35714286,10.92857143,0.073733612,4.799233053,0.378932449,1.233811464,0.707936508,0.166094197,3.210931495,81.78571429,1.009914148,24.85714286,0.969233722,24.38461538,0.004371717,0.426276223,1.04818749,0.207761271,0.27610314,1.842959083,0.134703225,2.783893818,0.421797365,0.980000321,0.072899988,3.189724148,0.367120722,1.419509414
Oregon State,Pac-2,63.61538462,11,0.133438709,8.721052441,0.420827075,1.292582472,0.805586081,0.19905178,2.692764515,81.38461538,0.967456151,29.38461538,0.907929937,29.25,0.024253146,0.452145647,1.034290757,0.363526425,0.355822674,1.989065449,0.045218493,2.295601761,0.426791227,0.934522801,0.269082495,8.453990161,0.415490116,1.615554558
Penn State,Big Ten,57.83333333,12.25,-0.050845195,-1.076910018,0.29630975,1.378386253,0.626388889,0.278197907,1.982841958,63.41666667,0.734020046,23.36363636,0.767181946,21.90909091,-0.209228654,0.32456015,1.033659846,0.175505619,0.246094795,2.132840964,-0.118403102,-1.581448609,0.277147948,1.141469565,0.067950619,3.064892382,0.329852384,1.67954676
Pittsburgh,ACC,66.08333333,12,0.114977665,8.190372819,0.385160874,1.358002746,0.579563492,0.223978558,2.806074963,110.4166667,0.898490817,36.25,0.938970776,37.83333333,0.031511051,0.423083059,1.123384222,0.278207427,0.300088608,2.115923417,0.015957917,1.477900318,0.366792779,0.945511939,0.275625079,8.065461282,0.404295725,1.77513597
Purdue,Big Ten,66,13.08333333,0.175866304,12.34290292,0.395905095,1.395186238,0.649603175,0.191176727,2.925126962,98.41666667,0.965725797,32.33333333,1.398631946,48.75,0.092743493,0.439967536,1.119580347,0.331352494,0.298861212,2.179443401,0.057589004,2.686431752,0.40373532,0.948662737,0.317558196,10.23308907,0.391604395,1.865890353
Rice,American,63.30769231,12,0.14303717,9.076399257,0.395030082,1.275735103,0.773443223,0.156816183,3.023736578,99.23076923,1.041898225,33.15384615,1.590849106,50.30769231,0.078888122,0.451151378,1.029482783,0.265820176,0.288923156,1.926496358,0.16222624,5.267968194,0.416733715,1.033855767,0.199611326,5.383352511,0.390470611,1.566754442
Rutgers,Big Ten,62,10.69230769,0.139542643,8.827247615,0.442896352,1.019055116,0.674725275,0.130741,3.172784749,104.4615385,0.958331248,31.92307692,0.663686995,21.76923077,0.131935048,0.508963829,0.844014584,0.19194685,0.295005522,1.737582166,0.118156299,4.173121193,0.474705263,0.790004234,0.20982809,6.119267391,0.410210635,1.304118781
SMU,ACC,62.64285714,12.64285714,0.015410622,0.722194525,0.348194613,1.293282519,0.703571429,0.201051194,2.861903177,87.14285714,0.933789877,29.78571429,0.971937891,32.33333333,-0.023660969,0.417794157,1.055721873,0.112358218,0.22576911,2.161228427,0.052106987,1.627359557,0.364701488,0.982082378,0.051216285,0.516460298,0.354806881,1.569682904
San Diego State,Mountain West,65.16666667,11.58333333,0.255632611,15.86705251,0.476139045,1.177018986,0.79265873,0.122722314,3.446445777,109.3333333,1.201430963,37.75,1.392529025,44.91666667,0.218465343,0.5325432,0.995556418,0.354401667,0.320773683,1.939189226,0.271616785,8.584364419,0.539765437,0.899573148,0.431347336,8.735969254,0.459945076,1.583251778
South Alabama,Sun Belt,61.38461538,11.61538462,0.114287546,7.22908305,0.372069862,1.261963797,0.781318681,0.163238025,2.826438682,92.23076923,0.850633875,28.15384615,0.691926829,23.61538462,0.0637656,0.432246709,1.025987133,0.198923492,0.262790144,1.989932205,0.029397531,0.678365744,0.365006063,0.947967279,0.337031967,7.500637699,0.412917875,1.627457259
South Carolina,SEC,70.33333333,12.58333333,0.190717345,13.5577313,0.434330001,1.205445431,0.767724868,0.131044846,3.152012378,114.5,0.967012923,35.25,0.841254043,30.18181818,0.148062875,0.493508776,0.957581156,0.302398452,0.294631604,2.197040913,0.150173134,5.482657523,0.446431083,0.889632693,0.2759182,10.2391888,0.425377141,1.544261705
South Florida,American,70.07692308,13.76923077,0.183187991,14.0582171,0.375728953,1.524031592,0.55989011,0.235977735,2.552144736,88.61538462,1.039562371,35.69230769,1.433540941,52.5,0.101109359,0.426952006,1.271162264,0.353691671,0.284824695,2.384623131,0.052278134,1.979054549,0.369344214,1.192226897,0.33566827,13.18469032,0.374374671,1.94731207
Southern Mississippi,Sun Belt,61.08333333,12.5,0.248289423,16.13578425,0.42065042,1.507219026,0.683531746,0.145675692,3.318847074,109.4166667,1.190683431,39.41666667,1.784759433,60.66666667,0.165974706,0.453776703,1.266689217,0.436506097,0.348778781,2.29875775,0.242265124,8.446974921,0.422732406,1.246068116,0.319510206,9.221757926,0.428829221,1.872678121
Stanford,ACC,69.81818182,12.18181818,0.33927576,23.24884414,0.516041096,1.273930847,0.683333333,0.171811853,3.218223727,109.8181818,1.167804438,40.72727273,1.288532316,43.4,0.219383204,0.556375776,1.02264178,0.615216952,0.413081568,2.082393386,0.191494392,7.517499809,0.518354953,0.923227686,0.466390375,16.30125181,0.493655584,1.635968639
Syracuse,ACC,69,12,0.157718575,11.50444809,0.422468456,1.172793071,0.807142857,0.182339457,2.995633487,108.5,0.938800773,34.66666667,0.653256422,24,0.133093041,0.480218663,1.018114526,0.226356819,0.297475994,1.690353311,0.090576407,3.812552226,0.455402619,0.819171563,0.227782048,7.998436961,0.387562542,1.632425109
TCU,Big 12,68.16666667,11.83333333,0.153696614,13.75937905,0.418505108,1.270512772,0.707638889,0.168083381,3.070017004,109.5,0.932408796,35.33333333,0.961700269,37,0.105049861,0.461401677,1.060849332,0.301992112,0.341450587,1.705944495,0.113895133,5.40320946,0.420606846,0.950340473,0.250441076,9.815029384,0.421005827,1.576717634
Temple,American,69.25,11.83333333,0.280996733,20.14981009,0.446566314,1.277051725,0.851190476,0.148189038,3.245889599,131.9166667,1.166082792,47.75,1.155087887,47.41666667,0.219487995,0.494845465,1.053142653,0.446646516,0.337330991,2.142754605,0.175300208,7.318454945,0.456644113,0.902511862,0.442672379,13.01947856,0.439341902,1.850735091
Tennessee,SEC,66.84615385,12.30769231,0.087699881,6.20758679,0.37483964,1.319699651,0.656410256,0.177648544,2.791326436,90.23076923,0.948781226,30.53846154,1.099687229,35.30769231,-0.027461102,0.414820057,1.064710782,0.295551056,0.303970591,1.958645129,0.050102441,1.912266661,0.361802286,1.019260228,0.16804517,5.208535732,0.401649454,1.5296186
Texas,SEC,62.71428571,12,0.100858007,6.169154748,0.374367204,1.323877784,0.523214286,0.24719097,2.344664623,63.57142857,0.684022195,19,0.753609192,23.2,-0.017037533,0.412484196,1.024930091,0.322231157,0.297387375,2.146567944,-0.095066732,-1.15646843,0.32100802,0.714146921,0.244853176,8.378453367,0.409149091,1.603618987
Texas A&M,SEC,59.76923077,11.46153846,0.080431309,4.816134038,0.358861428,1.361466417,0.473076923,0.220420936,2.556945557,72.38461538,1.061286704,31,1.256345355,33.30769231,0.02400948,0.420093536,1.043508866,0.175243349,0.256627238,2.205540686,-0.02331311,-1.056450269,0.344615238,0.948869461,0.211688066,7.815966626,0.365590518,1.769669391
Texas State,Sun Belt,67.84615385,12,0.190413886,12.64264118,0.412724526,1.458239961,0.473717949,0.202674653,2.922846791,100.7692308,1.313550767,45,1.35621403,46.30769231,0.053377728,0.438273163,1.199997177,0.458714717,0.368190772,2.04766504,0.120057683,4.74645132,0.388552058,1.190812757,0.293792537,8.915494261,0.434310347,1.676163909
Texas Tech,Big 12,70.30769231,12.61538462,0.160766718,11.28965136,0.412545781,1.231565962,0.569230769,0.163671846,3.058871273,107.5384615,1.076507996,38.07692308,1.008667065,36.69230769,0.085724146,0.464032787,0.96624451,0.323244642,0.287561943,2.18821692,0.123465846,5.124171984,0.423471535,0.939545226,0.205494865,7.830921548,0.397625514,1.481132282
Toledo,MAC,65.85714286,11.85714286,0.108470305,6.642417368,0.387510248,1.231023009,0.778911565,0.160163213,3.22224403,108.8571429,1.050336717,36.14285714,1.031326693,36,0.048493751,0.448199482,0.99619527,0.191507277,0.253291602,1.95605793,0.145089259,5.015528196,0.43152816,0.983959367,0.082045775,3.209210917,0.339272168,1.591847821
Troy,Sun Belt,63.92857143,12.07142857,0.030506216,2.107217234,0.375362044,1.234360652,0.57670068,0.216586623,2.701653584,82.64285714,0.963949764,30.07142857,1.0329832,32.61538462,-0.057835314,0.425446645,0.965463957,0.224462249,0.28798711,1.994130222,-0.028798938,-0.754778708,0.37296508,0.924063503,0.105966421,4.034842236,0.38259922,1.50797813
Tulane,American,64.57142857,11.42857143,0.156287953,10.21275689,0.413011402,1.245009238,0.676785714,0.163452471,3.001876798,87.78571429,1.064554868,32.35714286,0.768771104,27.42857143,0.104341188,0.471342948,1.032242859,0.240724197,0.296838799,1.896730877,0.074409747,2.495486985,0.394904128,0.986895955,0.241735244,8.675635221,0.422084563,1.442301543
Tulsa,American,66.83333333,12.16666667,0.299507508,19.58422581,0.454434902,1.374392504,0.750396825,0.154890447,3.19494195,105.75,1.102956036,36.83333333,1.802312642,63.09090909,0.242108425,0.513297423,1.132333661,0.496428115,0.315924854,2.449769702,0.210148135,6.978332776,0.442992075,1.071458139,0.44026227,14.66388296,0.469475495,1.644514858
UAB,American,69.33333333,11.75,0.2716908,19.506293,0.483117024,1.243629217,0.897585979,0.115256902,3.499462103,125.4166667,1.300109383,46.33333333,1.77772427,64,0.21216844,0.532616218,1.035162152,0.418910589,0.364435567,1.903556965,0.349121214,12.40375484,0.533942568,1.073938194,0.227987398,9.017121179,0.418880413,1.508468533
UCF,Big 12,66.30769231,11,0.148320296,10.22928238,0.445919144,1.211559055,0.793406593,0.176849624,3.189531192,120.8461538,1.242053183,47.07692308,1.563644354,61.23076923,0.103315592,0.49049912,1.036520982,0.223660439,0.336618528,1.888046483,0.163051525,7.476160635,0.47031644,0.990089042,0.162826697,4.822558909,0.409053891,1.508841084
UCLA,Big Ten,63.84615385,12,0.084706719,5.092456588,0.376452388,1.217582745,0.558974359,0.243421078,2.662509402,74.46153846,0.918522985,24.30769231,0.690059498,18.38461538,-0.020976762,0.426155318,0.914239171,0.284158528,0.285023344,2.067053431,-0.056448161,-0.745673665,0.385422611,0.820690146,0.207156712,7.207667183,0.376402063,1.530253689
UNLV,Mountain West,65.57142857,12.5,0.25407536,16.59644277,0.417892729,1.4090602,0.813095238,0.147178153,3.034362405,107.7142857,0.985058497,35,1.328150168,53.23076923,0.204634946,0.471437874,1.204282423,0.353253124,0.310145038,2.106263504,0.087629102,3.768389511,0.409785859,0.911894,0.48249771,14.53110575,0.435808062,1.993091495
USC,Big Ten,70,12.53846154,0.250803512,17.95371715,0.447673188,1.378580046,0.675824176,0.172332384,3.177138834,115.1538462,1.195823578,43.46153846,1.741746666,63.69230769,0.15780885,0.48772778,1.104935228,0.400569913,0.340326124,2.180712385,0.239854149,8.691208074,0.467816365,1.096385356,0.293905134,9.909400376,0.432202523,1.686910406
UT San Antonio,American,70.69230769,12.38461538,0.130029715,9.806402928,0.371520508,1.396080528,0.866300366,0.191186965,2.845763016,94.07692308,0.913416324,30.38461538,1.459191655,47.75,0.120466873,0.452272011,1.099926619,0.150615215,0.227663878,2.369567489,0.122758435,4.326469419,0.382596309,1.134525737,0.208298279,7.7500081,0.371954096,1.661065584
Utah,Big 12,58.46153846,11.46153846,0.119349853,7.11265217,0.353123245,1.394438997,0.523076923,0.188305943,2.940743661,68.30769231,1.082015341,25.61538462,0.849391268,19.76923077,0.044080617,0.416396239,1.170481411,0.257131901,0.24829949,2.106426698,0.078064819,1.657603997,0.36749541,0.959457072,0.157078906,5.52738603,0.344917217,1.707157555
Utah State,Mountain West,71.41666667,13.75,0.225327814,15.78044617,0.459139988,1.214102486,0.848905724,0.202625512,3.035525806,121.4166667,1.19941948,47.5,1.456700166,58,0.185725162,0.514324601,1.031985246,0.328011378,0.329518871,1.8624246,0.178207979,8.099373734,0.479890255,0.932304405,0.288600499,8.228432056,0.436177778,1.631314926
Vanderbilt,SEC,68.75,12.25,0.3217713,22.26039573,0.445769042,1.404476727,0.741203704,0.184533298,3.043433001,100.8333333,1.162251678,37.83333333,2.15325826,68.66666667,0.261516572,0.485345765,1.200623256,0.483620277,0.367109476,1.977125327,0.250169513,8.308681052,0.419370655,1.208899315,0.408543515,15.01700136,0.474362355,1.552011938
Virginia,ACC,67.25,12.58333333,0.254760021,17.52603423,0.444840622,1.278960493,0.765277778,0.145518774,3.329873254,118.5833333,1.169827204,42.08333333,1.461771172,50.16666667,0.22960693,0.505492497,1.101497198,0.306374993,0.285642251,2.074334724,0.237191816,8.727800126,0.475242956,1.019807894,0.315062237,10.07360753,0.416831216,1.619506188
Virginia Tech,ACC,60.61538462,12,0.164259284,9.693566788,0.374331794,1.33444749,0.735531136,0.189565122,2.927134821,92.76923077,0.983218882,32.15384615,1.519471972,54.69230769,0.136119897,0.444829093,1.168936703,0.21212272,0.235388446,1.857093069,0.116647654,4.553826302,0.387426861,1.002212728,0.246269778,5.824667211,0.369232585,1.653148946
Wake Forest,ACC,65,12.27272727,0.22033651,14.56875807,0.407669288,1.356037772,0.476334776,0.160669101,3.040313868,101.7272727,0.984358605,32.09090909,1.245998421,37.81818182,0.109073358,0.451097257,1.001778606,0.387336023,0.29919265,2.166908353,0.048076449,2.195513988,0.397684568,0.937044236,0.454683567,13.23090816,0.427389407,1.788380475
Washington,Big Ten,69.33333333,11.8,0.201532761,13.59361229,0.44622259,1.221994852,0.731507937,0.114660998,3.663136678,108.3333333,1.277950515,37.53333333,1.109583,32.07142857,0.173707717,0.501406657,1.071198252,0.250475436,0.303259722,1.843527834,0.300670302,8.913482707,0.520938615,0.97338012,0.146057415,5.636912323,0.399756786,1.443504606
Washington State,Pac-2,67.66666667,12.5,0.174811151,11.02242227,0.423389564,1.305598599,0.603959235,0.173259931,3.018152742,101.25,0.990930493,34.25,1.626702327,55.81818182,0.102826198,0.473469501,1.069722851,0.297034168,0.305014337,2.119691797,0.097107853,3.536016599,0.450947201,0.974192361,0.266019924,7.979438023,0.394909401,1.664613305
West Virginia,Big 12,65.75,11.75,0.190223554,12.84388057,0.4118347,1.354731731,0.719708995,0.181233638,3.087665116,96.25,1.140925443,35.25,1.407561491,45.81818182,0.072283692,0.455464494,1.069862687,0.395729983,0.32467425,2.086734769,0.178729885,5.732042461,0.440209087,0.994497648,0.250507558,8.189704967,0.394020675,1.677031042
Western Kentucky,C-USA,71.46153846,12.38461538,0.211320683,14.07692459,0.44244864,1.25374878,0.693786982,0.128623582,3.442821832,130.6923077,1.161158177,45.84615385,1.234910095,48.61538462,0.136020188,0.49174236,1.058498288,0.32453741,0.310907581,1.877918831,0.178129265,7.603571584,0.470328832,0.975402488,0.306974804,8.49511881,0.416906932,1.615259429
Western Michigan,MAC,62.63636364,12,0.218826889,13.62610448,0.44468887,1.28042271,0.814935065,0.136036234,3.510785391,113,1.266410464,41.09090909,1.258176479,45.72727273,0.211108493,0.504047986,1.110819172,0.215477678,0.309490849,1.852460613,0.166199763,5.977945667,0.45695327,0.955454251,0.312679473,9.362209953,0.437178946,1.648371421
Wisconsin,Big Ten,66.23076923,12.15384615,0.113341222,7.421555583,0.412957565,1.194321457,0.695604396,0.1835759,3.032689388,99.30769231,0.975412992,31.92307692,0.94280226,32.76923077,0.02522732,0.464363866,0.969711972,0.332581333,0.299675414,2.025460127,0.08323261,2.671776191,0.410575155,0.950071905,0.213243495,6.984494777,0.424253618,1.41835721
Wyoming,Mountain West,67.53846154,11,0.179955615,11.714272,0.421309045,1.241698539,0.654029304,0.173593818,2.982757748,99.92307692,0.928280883,30.76923077,1.110646262,33.30769231,0.110313097,0.468798005,0.989637963,0.34620799,0.320927776,2.039969582,0.08802146,3.722455391,0.388296885,1.001691458,0.302186414,9.150824246,0.442980381,1.473490554
